http://www.talentnet.vn/job/v13152,http://www.talentnet.vn/en/search-job
http://www.talentnet.vn/hr-services/hr-advisory-service/human-resource-effectiveness,http://www.talentnet.vn/en/hr-services
http://www.talentnet.vn/job/v13156,http://www.talentnet.vn/en/search-job
http://www.talentnet.vn/job/v13155,http://www.talentnet.vn/en/search-job
http://www.talentnet.vn/job/v13032,http://www.talentnet.vn/en/search-job
http://www.talentnet.vn/job/v13154,http://www.talentnet.vn/en/search-job
http://www.talentnet.vn/user-login?destination=hr-services/for-new-arrivals,http://www.talentnet.vn/en/
http://www.talentnet.vn/job/v13034,http://www.talentnet.vn/en/search-job
http://www.talentnet.vn/job/v13158,http://www.talentnet.vn/en/search-job
http://www.talentnet.vn/job/v13157,http://www.talentnet.vn/en/search-job
http://www.talentnet.vn/user-login?destination=node/208,http://www.talentnet.vn/en/
http://www.talentnet.vn/jobs/executive-search?k=Partnership+Development+Manager,http://www.talentnet.vn/en/search-job
http://www.talentnet.vn/user-login?destination=node/207,http://www.talentnet.vn/en/
http://www.talentnet.vn/user-login?destination=node/206,http://www.talentnet.vn/en/
http://www.talentnet.vn/user-login?destination=node/205,http://www.talentnet.vn/en/
http://www.talentnet.vn/job/v12740,http://www.talentnet.vn/en/search-job
http://www.talentnet.vn/user-login?destination=information-center/enewsletter/vietnam-labour-law-update-may-2013,http://www.talentnet.vn/en/information-center/library/vietnam-labour-law-update-may-2013--DJK3FiCOWbg
http://www.talentnet.vn/job/v12749,http://www.talentnet.vn/en/search-job
http://www.talentnet.vn/job/v13159,http://www.talentnet.vn/en/search-job
http://www.talentnet.vn/information-center/news-and-events/sharper-targets,"http://www.talentnet.vn/en/information-center/
talentnet-expertise/sharper-targets--y0P4LF0N6e"
http://www.talentnet.vn/user/register?destination=job/07072015-0,http://www.talentnet.vn/en/
http://www.talentnet.vn/job/v12741,http://www.talentnet.vn/en/search-job
http://www.talentnet.vn/job/v12743,http://www.talentnet.vn/en/search-job
http://www.talentnet.vn/information-center/news-and-events/different-strokes-different-folks,"http://www.talentnet.vn/en/market-entry/insights/
different-strokes-for-different-folks--Mnwfk1jW1d"
http://www.talentnet.vn/about-talentnet/talentnet-associates/mercer-college,"http://www.talentnet.vn/en/information-center/
press-release/mercer-college-and-talentnet-association-in-vietnam--BXfF0QQGGo"
http://www.talentnet.vn/job/v13163,http://www.talentnet.vn/en/search-job
http://www.talentnet.vn/job/09072015,http://www.talentnet.vn/en/search-job
http://www.talentnet.vn/job/v13044,http://www.talentnet.vn/en/search-job
http://www.talentnet.vn/jobs/executive-search?page=1,http://www.talentnet.vn/en/search-job
http://www.talentnet.vn/job/v13164,http://www.talentnet.vn/en/search-job
http://www.talentnet.vn/jobs/taxonomy/term/43/0/feed,http://www.talentnet.vn/en/
http://www.talentnet.vn/job/v13166,http://www.talentnet.vn/en/search-job
http://www.talentnet.vn/job/v13167,http://www.talentnet.vn/en/search-job
http://www.talentnet.vn/job/v13168,http://www.talentnet.vn/en/search-job
http://www.talentnet.vn/job/v12870,http://www.talentnet.vn/en/search-job
http://www.talentnet.vn/hr-services/hr-payroll-and-outsourcing/staffing-solution-service/for-employees,"http://www.talentnet.vn/en/hr-services/
payroll-and-hr-outsourcing"
http://www.talentnet.vn/information-center/news-and-events/required,"http://www.talentnet.vn/en/information-center/
talentnet-expertise/as-required--2koyszH7Q4"
http://www.talentnet.vn/about-talentnet/executive-team/nguyen-thi-thanh-huong,http://www.talentnet.vn/en/hr-services/payroll-and-hr-outsourcing
"http://www.talentnet.vn/user-login?destination=information-center/
news-and-events/total-integrated-payroll-solution-new-product-launching-talentnet",http://www.talentnet.vn/en/information-center/in-the-news/total-integrated-payroll-solution-new-product-launching-of-talentnet--Jr3QnAiKnH
http://www.talentnet.vn/fmenu/legal-notice,http://www.talentnet.vn/en/legal-notices
http://www.talentnet.vn/job/v13169,http://www.talentnet.vn/en/search-job
http://www.talentnet.vn/job/v12751,http://www.talentnet.vn/en/search-job
http://www.talentnet.vn/hr-services/hr-advisory-service/outplacement-program,http://www.talentnet.vn/en/hr-services
http://www.talentnet.vn/about-talentnet/talentnet-vision,http://www.talentnet.vn/en/about-talentnet
http://www.talentnet.vn/jobs/executive-search?l=1,http://www.talentnet.vn/en/search-job
http://www.talentnet.vn/information-center/enewsletter/vietnam-labour-law-update-february-2015,http://www.talentnet.vn/en/information-center/library/vietnam-labour-law-update-february-2015--6Gpv0jSuk7
http://www.talentnet.vn/fmenu/why-talentnet,http://www.talentnet.vn/en/about-talentnet
"http://www.talentnet.vn/user-login?destination=information-center/enewsletter
/vietnam-labour-law-update-december-2013",http://www.talentnet.vn/en/information-center/library/vietnam-labour-law-update-december-2013--YkvpMRA9po
http://www.talentnet.vn/information-center/press-release/taxonomy/term/43/0/feed,http://www.talentnet.vn/en/information-center/press-release
"http://www.talentnet.vn/user-login?destination=information-center/enewsletter/
vietnam-labour-law-update-december-2014",http://www.talentnet.vn/en/information-center/library/vietnam-labour-law-update-december-2014--4Niha4Rog7
http://www.talentnet.vn/job/v12758,http://www.talentnet.vn/en/search-job
http://www.talentnet.vn/information-center/enewsletter/vietnam-labour-law-update-october-2014,http://www.talentnet.vn/en/information-center/library/vietnam-labour-law-update-october-2014--8vucfNwLQv
http://www.talentnet.vn/job/v12877,http://www.talentnet.vn/en/search-job
http://www.talentnet.vn/job/v13049,http://www.talentnet.vn/en/search-job
http://www.talentnet.vn/information-center/enewsletter/vietnam-labour-law-update-february-2014,http://www.talentnet.vn/en/information-center/library/vietnam-labour-law-update-february-2014--GXE4s0hZIs
http://www.talentnet.vn/hr-services/ms-and-hr-consulting,http://www.talentnet.vn/en/hr-services/mercer-salary-surveys
http://www.talentnet.vn/job/v13176,http://www.talentnet.vn/en/search-job
http://www.talentnet.vn/job/v12759,http://www.talentnet.vn/en/search-job
http://www.talentnet.vn/job/v13173,http://www.talentnet.vn/en/search-job
http://www.talentnet.vn/job/v13175,http://www.talentnet.vn/en/search-job
http://www.talentnet.vn/job/v13174,http://www.talentnet.vn/en/search-job
http://www.talentnet.vn/jobs,http://www.talentnet.vn/en/search-job
http://www.talentnet.vn/job/v13178,http://www.talentnet.vn/en/search-job
http://www.talentnet.vn/job/v13179,http://www.talentnet.vn/en/search-job
http://www.talentnet.vn/job/v12760,http://www.talentnet.vn/en/search-job
http://www.talentnet.vn/job/v13059,http://www.talentnet.vn/en/search-job
http://www.talentnet.vn/job/v13177,http://www.talentnet.vn/en/search-job
http://www.talentnet.vn/hr-services/hr-advisory-service/compensation-and-benefits,http://www.talentnet.vn/en/hr-services
http://www.talentnet.vn/about-talentnet/talentnet-associates/taxonomy/term/43/0/feed,http://www.talentnet.vn/en/about-talentnet
http://www.talentnet.vn/job/v13171,http://www.talentnet.vn/en/search-job
http://www.talentnet.vn/job/v13170,http://www.talentnet.vn/en/search-job
http://www.talentnet.vn/information-center/taxonomy/term/43/0/feed,http://www.talentnet.vn/en/information-center/in-the-news
http://www.talentnet.vn/information-center/survey-report,http://www.talentnet.vn/en/information-center/in-the-news
"http://www.talentnet.vn/user-login?destination=information-center/news-and-events
/mercer-talentnet-launch-total-remuneration-survey-report-2014",http://www.talentnet.vn/en/information-center/in-the-news/mercer-talentnet-launch-the-total-remuneration-survey-report-2014--a0s2CLVFcT
http://www.talentnet.vn/job/v13172,http://www.talentnet.vn/en/search-job
http://www.talentnet.vn/hr-services/hr-advisory-service/surveys,http://www.talentnet.vn/en
http://www.talentnet.vn/information-center/hr-articles/top-ten-hr-practices,http://www.talentnet.vn/en/information-center/in-the-news
http://www.talentnet.vn/information-center/enewsletter?page=3,http://www.talentnet.vn/en/information-center/in-the-news
http://www.talentnet.vn/information-center/enewsletter?page=1,http://www.talentnet.vn/en/information-center/in-the-news
http://www.talentnet.vn/job/v12769,http://www.talentnet.vn/en/search-job
http://www.talentnet.vn/job/v12764,http://www.talentnet.vn/en/search-job
http://www.talentnet.vn/job/v12765,http://www.talentnet.vn/en/search-job
http://www.talentnet.vn/job/v13184,http://www.talentnet.vn/en/search-job
http://www.talentnet.vn/about-talentnet/executive-team/colin-blackwell,http://www.talentnet.vn/en/about-talentnet
http://www.talentnet.vn/hr-services/hr-advisory-service/human-resource-strategy,http://www.talentnet.vn/en/hr-services
http://www.talentnet.vn/job/v13186,http://www.talentnet.vn/en/search-job
http://www.talentnet.vn/job/v13064,http://www.talentnet.vn/en/search-job
http://www.talentnet.vn/job/v12891,http://www.talentnet.vn/en/search-job
http://www.talentnet.vn/job/v13187,http://www.talentnet.vn/en/search-job
http://www.talentnet.vn/job/v12772,http://www.talentnet.vn/en/search-job
http://www.talentnet.vn/job/v12770,http://www.talentnet.vn/en/search-job
http://www.talentnet.vn/user-login?destination=career-talentnet,http://www.talentnet.vn/en/
http://www.talentnet.vn/job/v13188,http://www.talentnet.vn/en/search-job
http://www.talentnet.vn/job/v13069,http://www.talentnet.vn/en/search-job
"http://www.talentnet.vn/user-login?destination=information-center/enewsletter/
vietnam-labour-law-update-september-2014",http://www.talentnet.vn/en/information-center/library/vietnam-labour-law-update-september-2014--b29dvtW8Q5
http://www.talentnet.vn/job/v13189,http://www.talentnet.vn/en/search-job
"http://www.talentnet.vn/user-login?destination=information-center/enewsletter/
vietnam-labour-law-update-september-2013",http://www.talentnet.vn/en/information-center/library/vietnam-labour-law-update-september-2013--QlzQYigIl2k
http://www.talentnet.vn/job/v13180,http://www.talentnet.vn/en/search-job
http://www.talentnet.vn/hr-services/hr-advisory-service/succession-planning,http://www.talentnet.vn/en/hr-services/hr-consulting
http://www.talentnet.vn/job/09072015-0,http://www.talentnet.vn/en/search-job
http://www.talentnet.vn/job/v13181,http://www.talentnet.vn/en/search-job
http://www.talentnet.vn/job/v13182,http://www.talentnet.vn/en/search-job
http://www.talentnet.vn/job/v13062,http://www.talentnet.vn/en/search-job
http://www.talentnet.vn/user-login?destination=fmenu/privacy-policy,http://www.talentnet.vn/en/
http://www.talentnet.vn/user-login?destination=about-talentnet/talentnet-mission,http://www.talentnet.vn/en/about-talentnet
http://www.talentnet.vn/job/09072015-1,http://www.talentnet.vn/en/search-job
http://www.talentnet.vn/job/v13061,http://www.talentnet.vn/en/search-job
http://www.talentnet.vn/job/v12776,http://www.talentnet.vn/en/search-job
http://www.talentnet.vn/enewsletters/regist,http://www.talentnet.vn/en/register
http://www.talentnet.vn/jobs/executive-search?k=Product+Management+Manager,http://www.talentnet.vn/en/search-job
http://www.talentnet.vn/job/v12777,http://www.talentnet.vn/en/search-job
http://www.talentnet.vn/job/v12895,http://www.talentnet.vn/en/search-job
http://www.talentnet.vn/job/v13075,http://www.talentnet.vn/en/search-job
http://www.talentnet.vn/download/TalentnetE-newsletterMay2013.pdf,http://www.talentnet.vn/en/
http://www.talentnet.vn/hr-services/hr-advisory-service/taxonomy/term/43/0/feed,http://www.talentnet.vn/en/hr-services
http://www.talentnet.vn/job/v13197,http://www.talentnet.vn/en/search-job
http://www.talentnet.vn/job/v13196,http://www.talentnet.vn/en/search-job
http://www.talentnet.vn/about-talentnet,http://www.talentnet.vn/en/about-talentnet
http://www.talentnet.vn/job/v13195,http://www.talentnet.vn/en/search-job
http://www.talentnet.vn/download/E-newsletter-of-September-2013.pdf,http://www.talentnet.vn/en/
http://www.talentnet.vn/job/v13076,http://www.talentnet.vn/en/search-job
http://www.talentnet.vn/job/v13198,http://www.talentnet.vn/en/search-job
http://www.talentnet.vn/job/v13199,http://www.talentnet.vn/en/search-job
http://www.talentnet.vn/job/v13079,http://www.talentnet.vn/en/search-job
http://www.talentnet.vn/job/v13078,http://www.talentnet.vn/en/search-job
http://www.talentnet.vn/job/v13190,http://www.talentnet.vn/en/search-job
http://www.talentnet.vn/information-center/enewsletter/vietnam-labour-law-update-january-2015,http://www.talentnet.vn/en/information-center/library/vietnam-labour-law-update-january-2015--QgCWkpuHjc
http://www.talentnet.vn/user-login?destination=career-at-talentnet,http://www.talentnet.vn/en/
http://www.talentnet.vn/job/v13192,http://www.talentnet.vn/en/search-job
http://www.talentnet.vn/download/Enewsletter-of-August-2014-English.pdf,http://www.talentnet.vn/en/
"http://www.talentnet.vn/user-login?destination=information-center/news-and-events/
official-launching-vietnam-hr-awards-2014","http://www.talentnet.vn/en/information-center/
press-release/official-launching-of-vietnam-hr-awards-2014--1OzVlusg1z"
http://www.talentnet.vn/job/v13193,http://www.talentnet.vn/en/search-job
http://www.talentnet.vn/job/v13191,http://www.talentnet.vn/en/search-job
http://www.talentnet.vn/job/v13070,http://www.talentnet.vn/en/search-job
http://www.talentnet.vn/user-login?destination=hr-services/hr-advisory-service/training-and-development,http://www.talentnet.vn/en/
http://www.talentnet.vn/job/v13194,http://www.talentnet.vn/en/search-job
http://www.talentnet.vn/node/taxonomy/term/43/0/feed,http://www.talentnet.vn/en/
http://www.talentnet.vn/job/v13086,http://www.talentnet.vn/en/search-job
http://www.talentnet.vn/job/v13085,http://www.talentnet.vn/en/search-job
http://www.talentnet.vn/hr-services/hr-training-and-development-service,"http://www.talentnet.vn/en/information-center/in-the-news/
invitation-to-mercer-workshop-in-ho-chi-minh-city-vietnam--BJBYbBwOAO"
http://www.talentnet.vn/job/v13087,http://www.talentnet.vn/en/search-job
http://www.talentnet.vn/information-center/hr-articles/top-eight-human-resource-risks-and-how-handle-them,http://www.talentnet.vn/en/information-center/in-the-news
http://www.talentnet.vn/user-login?destination=job/07072015-0,http://www.talentnet.vn/en/
http://www.talentnet.vn/job/v13088,http://www.talentnet.vn/en/search-job
http://www.talentnet.vn/jobs/executive-search?page=3&k=Business Analyst Deputy Manager,http://www.talentnet.vn/en/search-job
http://www.talentnet.vn/user/register?destination=job/v12908,http://www.talentnet.vn/en/search-job
http://www.talentnet.vn/job/v13089,http://www.talentnet.vn/en/search-job
http://www.talentnet.vn/job/v13081,http://www.talentnet.vn/en/search-job
http://www.talentnet.vn/user-login?destination=hr-services/hr-advisory-service/competency-development,http://www.talentnet.vn/en/
"http://www.talentnet.vn/user-login?destination=information-center/enewsletter/
vietnam-labour-law-update-november-2013",http://www.talentnet.vn/en/information-center/library/vietnam-labour-law-update-november-2013--zzFhlLhxPwB
http://www.talentnet.vn/job/v13080,http://www.talentnet.vn/en/search-job
http://www.talentnet.vn/job/v13084,http://www.talentnet.vn/en/search-job
http://www.talentnet.vn/job/v13082,http://www.talentnet.vn/en/search-job
http://www.talentnet.vn/job/v13083,http://www.talentnet.vn/en/search-job
http://www.talentnet.vn/information-center/news-and-events,http://www.talentnet.vn/en/information-center/in-the-news
http://www.talentnet.vn/download/e-newsletter-of-december-2014.pdf,http://www.talentnet.vn/en/
http://www.talentnet.vn/user-login?destination=information-center/press-release,http://www.talentnet.vn/en/
"http://www.talentnet.vn/user-login?destination=information-center/enewsletter/
vietnam-labour-law-update-november-2014",http://www.talentnet.vn/en/information-center/library/vietnam-labour-law-update-november-2014--yJ4kEwcKZv
http://www.talentnet.vn/download/E-newsletter-of-Decmber-2013.pdf,http://www.talentnet.vn/en/
http://www.talentnet.vn/job/v13096,http://www.talentnet.vn/en/search-job
http://www.talentnet.vn/job/07072015,http://www.talentnet.vn/en/search-job
http://www.talentnet.vn/job/v13099,http://www.talentnet.vn/en/search-job
http://www.talentnet.vn/user-login?destination=information-center/enewsletter/vietnam-labour-law-update-july-2013,http://www.talentnet.vn/en/information-center/library/vietnam-labour-law-update-july-2013--6F273p6UpRk
http://www.talentnet.vn/job/v13097,http://www.talentnet.vn/en/search-job
http://www.talentnet.vn/information-center/press-release/mercer-college-and-talentnet-association-vietnam,http://www.talentnet.vn/en/information-center/press-release/mercer-college-and-talentnet-association-in-vietnam--BXfF0QQGGo
http://www.talentnet.vn/user-login?destination=jobs/executive-search,http://www.talentnet.vn/en/
http://www.talentnet.vn/information-center/survey-report/insight-salary-survey-2013,http://www.talentnet.vn/en/information-center/talentnet-expertise/insight-of-salary-survey-2013--2h1BCLhao8
http://www.talentnet.vn/job/v13098,http://www.talentnet.vn/en/search-job
http://www.talentnet.vn/job/v13095,http://www.talentnet.vn/en/search-job
http://www.talentnet.vn/job/v13093,http://www.talentnet.vn/en/search-job
http://www.talentnet.vn/job/v13094,http://www.talentnet.vn/en/search-job
http://www.talentnet.vn/jobs/executive-search?page=8&i=458,http://www.talentnet.vn/en/search-job
http://www.talentnet.vn/webfm_send/4,http://www.talentnet.vn/en
http://www.talentnet.vn/information-center/hr-articles/promoting-thought-leadership,http://www.talentnet.vn/en/information-center/in-the-news
http://www.talentnet.vn/,http://www.talentnet.vn/en/
http://www.talentnet.vn/user-login,http://www.talentnet.vn/en/login
http://www.talentnet.vn/information-center,http://www.talentnet.vn/en/information-center/in-the-news
http://www.talentnet.vn/user/password,http://www.talentnet.vn/en/
http://www.talentnet.vn/about-talentnet/talentnet-associates,http://www.talentnet.vn/en/partners
http://www.talentnet.vn/top-jobs,http://www.talentnet.vn/en/search-job
http://www.talentnet.vn/information-center/enewsletter,http://www.talentnet.vn/en/information-center/library
http://www.talentnet.vn/information-center/press-release,http://www.talentnet.vn/en/information-center/press-release
http://www.talentnet.vn/user-login?destination=top-jobs,http://www.talentnet.vn/en/login
http://www.talentnet.vn/hr-services/hr-advisory-service,http://www.talentnet.vn/en/hr-services/hr-consulting
http://www.talentnet.vn/career-talentnet,http://www.talentnet.vn/en/search-job
http://www.talentnet.vn/jobs/executive-search,http://www.talentnet.vn/en/search-job
http://www.talentnet.vn/job/07072015-0,http://www.talentnet.vn/en/search-job
http://www.talentnet.vn/hr-services/for-new-arrivals,http://www.talentnet.vn/en/market-entry/hr-services-for-new-businesses/hr-services-for-new-businesses--9q02VYkVwR
http://www.talentnet.vn/information-center/enewsletter/vietnam-labour-law-update-august-2014,http://www.talentnet.vn/en/information-center/library/vietnam-labour-law-update-august-2014--RjYPLeMVgT
http://www.talentnet.vn/information-center/enewsletter/vietnam-labour-law-update-august-2013,http://www.talentnet.vn/en/information-center/library/vietnam-labour-law-update-august-2013--iYfMVT31waJ
http://www.talentnet.vn/jobs/executive-search?k=Business+Analyst+Deputy+Manager,http://www.talentnet.vn/en/search-job
http://www.talentnet.vn/information-center/enewsletter/vietnam-labour-law-update-july-2013,http://www.talentnet.vn/en/information-center/library/vietnam-labour-law-update-july-2013--6F273p6UpRk
http://www.talentnet.vn/jobs/executive-search?i=449,http://www.talentnet.vn/en/search-job
http://www.talentnet.vn/hr-services/hr-advisory-service/training-and-development,http://www.talentnet.vn/en/hr-services/hr-consulting
http://www.talentnet.vn/information-center/enewsletter/vietnam-labour-law-update-november-2013,http://www.talentnet.vn/en/information-center/library/vietnam-labour-law-update-november-2013--zzFhlLhxPwB
http://www.talentnet.vn/information-center/enewsletter/vietnam-labour-law-update-december-2014,http://www.talentnet.vn/en/information-center/library/vietnam-labour-law-update-december-2014--4Niha4Rog7
http://www.talentnet.vn/about-talentnet/executive-team,http://www.talentnet.vn/en/executive-team
http://www.talentnet.vn/information-center/enewsletter/vietnam-labour-law-update-november-2014,http://www.talentnet.vn/en/information-center/library/vietnam-labour-law-update-november-2014--yJ4kEwcKZv
http://www.talentnet.vn/information-center/enewsletter/vietnam-labour-law-update-september-2014,http://www.talentnet.vn/en/information-center/library/vietnam-labour-law-update-september-2014--b29dvtW8Q5
http://www.talentnet.vn/user/taxonomy/term/43/0/feed,http://www.talentnet.vn/en/
http://www.talentnet.vn/information-center/enewsletter/vietnam-labour-law-update-december-2013,http://www.talentnet.vn/en/information-center/library/vietnam-labour-law-update-december-2013--YkvpMRA9po
http://www.talentnet.vn/information-center/enewsletter/vietnam-labour-law-update-september-2013,http://www.talentnet.vn/en/information-center/library/vietnam-labour-law-update-september-2013--QlzQYigIl2k
http://www.talentnet.vn/user-login?destination=information-center/enewsletter/vietnam-labour-law-update-august-2013,http://www.talentnet.vn/en/login
http://www.talentnet.vn/about-talentnet/executive-team/tieu-yen-trinh,http://www.talentnet.vn/en/executive-team/tieu-yen-trinh
http://www.talentnet.vn/user-login?destination=information-center/enewsletter/vietnam-labour-law-update-august-2014,http://www.talentnet.vn/en/login
http://www.talentnet.vn/node/206,http://www.talentnet.vn/en/executive-team
http://www.talentnet.vn/node/207,http://www.talentnet.vn/en/executive-team/hoa-nguyen
http://www.talentnet.vn/about-talentnet/taxonomy/term/43/0/feed,http://www.talentnet.vn/en/
http://www.talentnet.vn/node/205,http://www.talentnet.vn/en/executive-team/tieu-yen-trinh
http://www.talentnet.vn/node/208,http://www.talentnet.vn/en/executive-team/nguyen-thi-thanh-huong
http://www.talentnet.vn/user-login?destination=information-center/enewsletter,http://www.talentnet.vn/en/login
http://www.talentnet.vn/about-talentnet/executive-team/taxonomy/term/43/0/feed,http://www.talentnet.vn/en/
http://www.talentnet.vn/information-center/news-and-events/talentnet-has-honor-being-awarded-vietnam-excellent-brand-2013-gi?i-th??ng-th??ng,http://www.talentnet.vn/en/information-center/in-the-news/talentnet-has-the-honor-of-being-awarded-vietnam-excellent-brand-2013-giai-thuong-thuong-hieu-manh-viet-nam--1eDze76gk1
http://www.talentnet.vn/download/E-newsletter-vn/E-newsletter-of-September-2014.pdf,http://www.talentnet.vn/en/
http://www.talentnet.vn/user-login?destination=information-center/news-and-events/talentnet-has-honor-being-awarded-vietnam-excellent-brand-2013-gi?i-th??ng-th??ng,http://www.talentnet.vn/en/login
http://www.talentnet.vn/about-talentnet/talentnet-associates/mercer,http://www.talentnet.vn/en/partners
http://www.talentnet.vn/job/taxonomy/term/43/0/feed,http://www.talentnet.vn/en/
http://www.talentnet.vn/download/E-newsletter-of-November-2014.pdf,http://www.talentnet.vn/en/
http://www.talentnet.vn/information-center/news-and-events/total-integrated-payroll-solution-new-product-launching-talentnet,http://www.talentnet.vn/en/information-center/in-the-news/total-integrated-payroll-solution-new-product-launching-of-talentnet--Jr3QnAiKnH
http://www.talentnet.vn/download/Talentnet_E-newsletter_July_2013.pdf,http://www.talentnet.vn/en/
http://www.talentnet.vn/jobs/executive-search?page=1&k=Business Analyst Deputy Manager,http://www.talentnet.vn/en/search-job
http://www.talentnet.vn/user-login?destination=hr-services/hr-advisory-service,http://www.talentnet.vn/en/login
http://www.talentnet.vn/user/register,http://www.talentnet.vn/en/
http://www.talentnet.vn/job/v13103,http://www.talentnet.vn/en/search-job
http://www.talentnet.vn/information-center/news-and-events/mercer-talentnet-launch-total-remuneration-survey-report-2014,http://www.talentnet.vn/en/information-center/talentnet-expertise/total-remuneration-survey-report-seminar--cuRhJcC5BY
http://www.talentnet.vn/about-talentnet/talentnet-mission,http://www.talentnet.vn/en/about-talentnet
http://www.talentnet.vn/hr-services/taxonomy/term/43/0/feed,http://www.talentnet.vn/en/
http://www.talentnet.vn/user-login?destination=about-talentnet/talentnet-associates/mercer,http://www.talentnet.vn/en/login
http://www.talentnet.vn/hr-services/hr-advisory-service/competency-development,http://www.talentnet.vn/en/hr-services/hr-consulting
http://www.talentnet.vn/information-center/enewsletter/taxonomy/term/43/0/feed,http://www.talentnet.vn/en/
http://www.talentnet.vn/information-center/enewsletter/vietnam-labour-law-update-may-2013,http://www.talentnet.vn/en/information-center/library/vietnam-labour-law-update-may-2013--DJK3FiCOWbg
http://www.talentnet.vn/user/register?destination=job/v13103,http://www.talentnet.vn/en/
http://www.talentnet.vn/job/v13110,http://www.talentnet.vn/en/search-job
http://www.talentnet.vn/jobs/executive-search?page=3&i=449,http://www.talentnet.vn/en/search-job
http://www.talentnet.vn/job/v13109,http://www.talentnet.vn/en/search-job
http://www.talentnet.vn/fmenu/privacy-policy,http://www.talentnet.vn/en/privacy-policy
http://www.talentnet.vn/job/v13113,http://www.talentnet.vn/en/search-job
http://www.talentnet.vn/job/v12908,http://www.talentnet.vn/en/search-job
http://www.talentnet.vn/user/register?destination=job/v13110,http://www.talentnet.vn/en/
http://www.talentnet.vn/user/register?destination=job/v13113,http://www.talentnet.vn/en/
http://www.talentnet.vn/information-center/press-release/talentnet-inherited-hr-services-pwc,http://www.talentnet.vn/en/information-center/press-release/talentnet-inherited-hr-services-from-pwc--XKnkaPX2It
http://www.talentnet.vn/user-login?destination=job/v12908,http://www.talentnet.vn/en/login
http://www.talentnet.vn/jobs/executive-search?i=446,http://www.talentnet.vn/en/search-job
http://www.talentnet.vn/jobs/executive-search?i=458,http://www.talentnet.vn/en/search-job
http://www.talentnet.vn/user/register?destination=job/v13109,http://www.talentnet.vn/en/
http://www.talentnet.vn/download/Total Integrated Payroll Solution - Brochure.pdf,http://www.talentnet.vn/enloads/editor/files/Total Integrated Payroll Solution - Brochure.pdf
http://www.talentnet.vn/user-login?destination=information-center/press-release/talentnet-inherited-hr-services-pwc,http://www.talentnet.vn/en/login
http://www.talentnet.vn/user-login?destination=job/v13103,http://www.talentnet.vn/en/login
http://www.talentnet.vn/jobs/executive-search?i=453,http://www.talentnet.vn/en/search-job
http://www.talentnet.vn/job/v13114,http://www.talentnet.vn/en/search-job
http://www.talentnet.vn/jobs/executive-search?page=3&i=446,http://www.talentnet.vn/en/search-job
http://www.talentnet.vn/jobs/executive-search?page=2&k=Business Analyst Deputy Manager,http://www.talentnet.vn/en/search-job
http://www.talentnet.vn/job/v13115,http://www.talentnet.vn/en/search-job
http://www.talentnet.vn/user/register?destination=job/v13114,http://www.talentnet.vn/en/
http://www.talentnet.vn/information-center/news-and-events/official-launching-vietnam-hr-awards-2014,http://www.talentnet.vn/en/information-center/in-the-news/official-launching-of-vietnam-hr-awards-2014--u8D6Ne9Rxw
http://www.talentnet.vn/job/v13116,http://www.talentnet.vn/en/search-job
http://www.talentnet.vn/job/v13101,http://www.talentnet.vn/en/search-job
http://www.talentnet.vn/user/register?destination=job/v13116,http://www.talentnet.vn/en/
http://www.talentnet.vn/jobs/executive-search?k=Chief+Accountant,http://www.talentnet.vn/en/search-job
http://www.talentnet.vn/user/register?destination=job/v13115,http://www.talentnet.vn/en/
http://www.talentnet.vn/career-at-talentnet,http://www.talentnet.vn/en/search-job
http://www.talentnet.vn/user-login?destination=job/v13101,http://www.talentnet.vn/en/login
http://www.talentnet.vn/job/v13107,http://www.talentnet.vn/en/search-job
http://www.talentnet.vn/jobs/submit-cv,http://www.talentnet.vn/en/
http://www.talentnet.vn/user/register?destination=job/v13101,http://www.talentnet.vn/en/
http://www.talentnet.vn/user-login?destination=user/register,http://www.talentnet.vn/en/login
http://www.talentnet.vn/job/v13108,http://www.talentnet.vn/en/search-job
http://www.talentnet.vn/job/24032015-1,http://www.talentnet.vn/en/search-job
http://www.talentnet.vn/job/24032015-2,http://www.talentnet.vn/en/search-job
http://www.talentnet.vn/user-login?destination=job/v13109,http://www.talentnet.vn/en/login
http://www.talentnet.vn/job/v13117,http://www.talentnet.vn/en/search-job
http://www.talentnet.vn/job/v12821,http://www.talentnet.vn/en/search-job
http://www.talentnet.vn/job/v12820,http://www.talentnet.vn/en/search-job
http://www.talentnet.vn/job/v13119,http://www.talentnet.vn/en/search-job
http://www.talentnet.vn/information-center/news-and-events/shifting-priorities,http://www.talentnet.vn/en/information-center/talentnet-expertise/shifting-priorities-in-headhunting--NMWeHdMEcJ
http://www.talentnet.vn/job/v13120,http://www.talentnet.vn/en/search-job
http://www.talentnet.vn/job/v13121,http://www.talentnet.vn/en/search-job
http://www.talentnet.vn/user-login?destination=about-talentnet/executive-team,http://www.talentnet.vn/en/login
http://www.talentnet.vn/about-talentnet/executive-team/hoa-nguyen,http://www.talentnet.vn/en/executive-team/hoa-nguyen
http://www.talentnet.vn/information-center/news-and-events/taxonomy/term/43/0/feed,http://www.talentnet.vn/en/
http://www.talentnet.vn/job/v13122,http://www.talentnet.vn/en/search-job
http://www.talentnet.vn/job/v13125,http://www.talentnet.vn/en/search-job
http://www.talentnet.vn/taxonomy/term/43/0/feed,http://www.talentnet.vn/en/
http://www.talentnet.vn/job/24032015,http://www.talentnet.vn/en/search-job
http://www.talentnet.vn/information-center/enewsletter/viet-nam-labour-law-update-june-2015,http://www.talentnet.vn/en/information-center/library/vietnam-labour-law-update-june-2015--9Qf8hhuKuA
http://www.talentnet.vn/user-login?destination=job/v13116,http://www.talentnet.vn/en/login
http://www.talentnet.vn/user-login?destination=job/v13115,http://www.talentnet.vn/en/login
http://www.talentnet.vn/job/v13123,http://www.talentnet.vn/en/search-job
http://www.talentnet.vn/user-login?destination=job/v13114,http://www.talentnet.vn/en/login
http://www.talentnet.vn/user-login?destination=job/v13113,http://www.talentnet.vn/en/login
http://www.talentnet.vn/jobs/executive-search?page=1&i=449,http://www.talentnet.vn/en/search-job
http://www.talentnet.vn/user-login?destination=job/v13110,http://www.talentnet.vn/en/login
http://www.talentnet.vn/job/v12837,http://www.talentnet.vn/en/search-job
http://www.talentnet.vn/hr-services/hr-payroll-and-outsourcing,http://www.talentnet.vn/en/hr-services/payroll-and-hr-outsourcing
http://www.talentnet.vn/jobs/executive-search?page=1&i=446,http://www.talentnet.vn/en/search-job
http://www.talentnet.vn/jobs/executive-search?page=10&k=Business Analyst Deputy Manager,http://www.talentnet.vn/en/search-job
http://www.talentnet.vn/job/v13127,http://www.talentnet.vn/en/search-job
http://www.talentnet.vn/job/v13126,http://www.talentnet.vn/en/search-job
http://www.talentnet.vn/hr-services/hr-advisory-service/organization-restructuring,http://www.talentnet.vn/en/hr-services/hr-consulting
http://www.talentnet.vn/jobs/executive-search?page=22,http://www.talentnet.vn/en/search-job
http://www.talentnet.vn/jobs/executive-search?k=Maintenance+Manager,http://www.talentnet.vn/en/search-job
http://www.talentnet.vn/information-center/news-and-events/vietnam-salary-survey-2015-mercer-and-talentnet-corporation,http://www.talentnet.vn/en/information-center/in-the-news
http://www.talentnet.vn/hr-services/hr-advisory-service/performance-management-and-rewards,http://www.talentnet.vn/en/hr-services/hr-consulting
http://www.talentnet.vn/job/v13133,http://www.talentnet.vn/en/search-job
http://www.talentnet.vn/information-center/hr-articles/basic-requirements-supervisors-employees-training-and-development,http://www.talentnet.vn/en/information-center/in-the-news
http://www.talentnet.vn/job/v13131,http://www.talentnet.vn/en/search-job
http://www.talentnet.vn/job/v13130,http://www.talentnet.vn/en/search-job
http://www.talentnet.vn/jobs/executive-search?k=A&M+Manager,http://www.talentnet.vn/en/search-job
http://www.talentnet.vn/about-talentnet/talentnet-history,http://www.talentnet.vn/en/about-talentnet
http://www.talentnet.vn/user-login?destination=user/password,http://www.talentnet.vn/en/login
http://www.talentnet.vn/job/v13136,http://www.talentnet.vn/en/search-job
http://www.talentnet.vn/job/v13135,http://www.talentnet.vn/en/search-job
http://www.talentnet.vn/fmenu/sitemap,http://www.talentnet.vn/en/sitemap
http://www.talentnet.vn/contact-us,http://www.talentnet.vn/en/office-locations
http://www.talentnet.vn/hr-services/executive-search,http://www.talentnet.vn/en/hr-services/executive-search
http://www.talentnet.vn/about-talentnet/talentnet-value,http://www.talentnet.vn/en/about-talentnet
http://www.talentnet.vn/information-center/press-release/talentnet-grand-opening-9th-november-2007,http://www.talentnet.vn/en/information-center/press-release/talentnet-grand-opening-on-9th-november-2007--R7FkjKagc0
http://www.talentnet.vn/hr-services,http://www.talentnet.vn/en/hr-services
http://www.talentnet.vn/information-center/news-and-events/invitation-mercer-workshop-ho-chi-minh-city-viet-nam,http://www.talentnet.vn/en/information-center/in-the-news/invitation-to-mercer-workshop-in-ho-chi-minh-city-vietnam--BJBYbBwOAO
http://www.talentnet.vn/information-center/hr-articles,http://www.talentnet.vn/en/information-center/in-the-news
http://www.talentnet.vn/jobs/executive-search?page=1&i=458,http://www.talentnet.vn/en/search-job
http://www.talentnet.vn/about-talentnet/executive-team/nguyen-hoang-phuong-anh,http://www.talentnet.vn/en/executive-team
http://www.talentnet.vn/job/v13017,http://www.talentnet.vn/en/search-job
http://www.talentnet.vn/job/v13139,http://www.talentnet.vn/en/search-job
http://www.talentnet.vn/job/v12962,http://www.talentnet.vn/en/search-job
http://www.talentnet.vn/job/v13140,http://www.talentnet.vn/en/search-job
http://www.talentnet.vn/download/E-newsletter-of-November-2013.pdf,http://www.talentnet.vn/en/
http://www.talentnet.vn/job/v13142,http://www.talentnet.vn/en/search-job
http://www.talentnet.vn/jobs/executive-search?page=2&i=446,http://www.talentnet.vn/en/search-job
http://www.talentnet.vn/job/v13145,http://www.talentnet.vn/en/search-job
http://www.talentnet.vn/user-login?destination=about-talentnet/executive-team/tieu-yen-trinh,http://www.talentnet.vn/en/login
http://www.talentnet.vn/jobs/executive-search?k=Production+Manager,http://www.talentnet.vn/en/search-job
http://www.talentnet.vn/job/v13023,http://www.talentnet.vn/en/search-job
http://www.talentnet.vn/information-center/news-and-events/money-talks,http://www.talentnet.vn/en/information-center/talentnet-expertise/money-talks--RhZ9XAuRYx
http://www.talentnet.vn/job/v13149,http://www.talentnet.vn/en/search-job
http://www.talentnet.vn/information-center/news-and-events/staying-within-law,http://www.talentnet.vn/en/information-center/talentnet-expertise/staying-within-the-labor-law--QweDe4P7YWT
http://www.talentnet.vn/jobs/executive-search?page=2&i=449,http://www.talentnet.vn/en/search-job
http://www.talentnet.vn/job/v13148,http://www.talentnet.vn/en/search-job
http://www.talentnet.vn/jobs/executive-search?k=Business Analyst Deputy Manager,http://www.talentnet.vn/en/search-job
http://www.talentnet.vn/jobs/executive-search?k=Procurement+Manager,http://www.talentnet.vn/en/search-job
http://www.talentnet.vn/job/v12731,http://www.talentnet.vn/en/search-job
http://www.talentnet.vn/jobs/executive-search?l=244,http://www.talentnet.vn/en/search-job
http://www.talentnet.vn/job/v12735,http://www.talentnet.vn/en/search-job
http://www.talentnet.vn/job/v12854,http://www.talentnet.vn/en/search-job
http://www.talentnet.vn/jobs/executive-search?k=Senior+Software+Developer,http://www.talentnet.vn/en/search-job
http://www.talentnet.vn/information-center/press-release/mercer-signed-agreement-talentnet,http://www.talentnet.vn/en/information-center/press-release/mercer-signed-agreement-with-talentnet--vyExsjlrmv
http://www.talentnet.vn/job/v13031,http://www.talentnet.vn/en/search-job
http://www.talentnet.vn/jobs/executive-search?k=BD+Senior+Representative+North,http://www.talentnet.vn/en/search-job
http://www.talentnet.vn/information-center/news-and-events/risk-management-payroll-systems,http://www.talentnet.vn/en/information-center/talentnet-expertise/risk-management-in-payroll-systems--pOGJGACZhw
http://www.talentnet.vn/hr-services/ms-and-hr-consulting,"http://www.talentnet.vn/en/hr-services/mercer-salary-surveys
"
http://www.talentnet.vn/information-center/hr-articles/vietnam-work-permit,"http://www.talentnet.vn/en/hr-services/mercer-salary-surveys
"
http://www.talentnet.vn/information-center/news-and-events/vietnam-salary-survey-report-2013-publication,"http://www.talentnet.vn/en/hr-services/mercer-salary-surveys
"
